{
  "Author": "I don't know",
  "Name": "AutoMarket",
  "InternalName": "AutoBot",
  "AssemblyVersion": "7.15.23",
  "Description": "Auto prices your listings automatically on a set schedule. Can auto post items as well..",
  "ApplicableVersion": "any",
  "Tags": [
    "autobot",
    "afk",
    "notifications"
  ],
  "DalamudApiLevel": 11,
  "LoadRequiredState": 0,
  "LoadSync": false,
  "CanUnloadAsync": false,
  "SupportsProfiles": true,
  "LoadPriority": 0,
  "Punchline": "AutoMarket",
  "AcceptsFeedback": true
}