{
  "Author": "Bluefissure",
  "Name": "Inviter",
  "InternalName": "Inviter",
  "AssemblyVersion": "1.1.3.0",
  "Description": "Automatically invite people to your party (doesn't work for CWLS). /xinvite to open.",
  "ApplicableVersion": "any",
  "RepoUrl": "https://github.com/Bluefissure/Inviter",
  "DalamudApiLevel": 12,
  "LoadRequiredState": 0,
  "LoadSync": false,
  "CanUnloadAsync": false,
  "LoadPriority": 0,
  "IconUrl": "https://raw.githubusercontent.com/Bluefissure/Inviter/main/images/icon.png",
  "Punchline": "Invite please",
  "AcceptsFeedback": true
}